fpr,tpr,threshold
0.0,0.0,inf
0.0007631645891630628,0.7205882352941176,1.0
0.0007631645891630628,0.75,0.99951171875
0.0007631645891630628,0.7647058823529411,0.998046875
0.0007631645891630628,0.7720588235294118,0.99755859375
0.0007631645891630628,0.7867647058823529,0.9970703125
0.0007631645891630628,0.7941176470588235,0.99609375
0.0010175527855507504,0.8088235294117647,0.9951171875
0.0010175527855507504,0.8382352941176471,0.83056640625
0.004578987534978377,0.8382352941176471,0.361328125
0.004578987534978377,0.8455882352941176,0.32763671875
0.005596540320529127,0.8455882352941176,0.2242431640625
0.005596540320529127,0.8529411764705882,0.222412109375
0.006868481302467566,0.8529411764705882,0.1754150390625
0.00737725769524294,0.8529411764705882,0.1650390625
0.009412363266344441,0.8529411764705882,0.110107421875
0.009921139659119817,0.8529411764705882,0.10931396484375
0.01602645637242432,0.8529411764705882,0.06671142578125
0.01602645637242432,0.8602941176470589,0.06634521484375
0.016535232765199696,0.8602941176470589,0.06597900390625
0.017552785550750447,0.8602941176470589,0.06243896484375
0.01806156194352582,0.8602941176470589,0.061981201171875
0.02442126685321801,0.8602941176470589,0.042327880859375
0.02543881963876876,0.8602941176470589,0.03948974609375
0.027473925209870263,0.8602941176470589,0.0369873046875
0.027982701602645637,0.8602941176470589,0.0364990234375
0.029000254388196388,0.8602941176470589,0.03424072265625
0.029000254388196388,0.8676470588235294,0.0341796875
0.02950903078097176,0.8676470588235294,0.03326416015625
0.02950903078097176,0.875,0.03228759765625
0.0328160773340117,0.875,0.0266571044921875
0.033324853726787076,0.875,0.026458740234375
0.033324853726787076,0.8823529411764706,0.0263519287109375
0.03510557110150089,0.8823529411764706,0.02484130859375
0.03561434749427626,0.8823529411764706,0.0247955322265625
0.03663190027982702,0.8823529411764706,0.02386474609375
0.03663190027982702,0.8897058823529411,0.0238189697265625
0.040193335029254644,0.8897058823529411,0.0204925537109375
0.04044772322564233,0.8970588235294118,0.020416259765625
0.041974052403968454,0.8970588235294118,0.0187225341796875
0.041974052403968454,0.9044117647058824,0.01861572265625
0.04248282879674383,0.9044117647058824,0.0177764892578125
0.04299160518951921,0.9044117647058824,0.01751708984375
0.04324599338590689,0.9044117647058824,0.0174407958984375
0.04477232256423302,0.9044117647058824,0.0162811279296875
0.046553039938946834,0.9044117647058824,0.01483917236328125
0.047061816331722205,0.9044117647058824,0.01467132568359375
0.047824980920885274,0.9044117647058824,0.01433563232421875
0.048333757313660644,0.9044117647058824,0.0141754150390625
0.05011447468837446,0.9044117647058824,0.0135345458984375
0.05113202747392521,0.9044117647058824,0.01312255859375
0.051640803866700585,0.9044117647058824,0.0129241943359375
0.05240396845586365,0.9044117647058824,0.01287078857421875
0.052912744848639025,0.9044117647058824,0.01262664794921875
0.05367590943780209,0.9044117647058824,0.01214599609375
0.05443907402696515,0.9044117647058824,0.0121002197265625
0.054947850419740527,0.9044117647058824,0.011962890625
0.055965403205291274,0.9044117647058824,0.01142120361328125
0.05647417959806665,0.9044117647058824,0.01132965087890625
0.0574917323836174,0.9044117647058824,0.01085662841796875
0.058000508776392776,0.9044117647058824,0.0108184814453125
0.05825489697278046,0.9044117647058824,0.01078033447265625
0.059272449758331215,0.9044117647058824,0.010528564453125
0.06003561434749428,0.9044117647058824,0.01036834716796875
0.060544390740269655,0.9044117647058824,0.0103302001953125
0.06130755532943272,0.9044117647058824,0.0101318359375
0.06181633172220809,0.9044117647058824,0.0100555419921875
0.0656321546680234,0.9044117647058824,0.00847625732421875
0.06614093106079878,0.9044117647058824,0.00841522216796875
0.06766726023912491,0.9044117647058824,0.00803375244140625
0.06817603663190028,0.9044117647058824,0.007965087890625
0.06843042482828797,0.9044117647058824,0.0078125
0.06893920122106334,0.9044117647058824,0.007488250732421875
0.0697023658102264,0.9044117647058824,0.007404327392578125
0.07071991859577716,0.9044117647058824,0.00734710693359375
0.07097430679216485,0.9044117647058824,0.007175445556640625
0.07122869498855253,0.9117647058823529,0.007122039794921875
0.07173747138132791,0.9117647058823529,0.0070953369140625
0.07275502416687865,0.9117647058823529,0.006771087646484375
0.07351818875604171,0.9117647058823529,0.00646209716796875
0.0740269651488171,0.9117647058823529,0.006290435791015625
0.07453574154159247,0.9117647058823529,0.0062408447265625
0.07555329432714322,0.9117647058823529,0.00609588623046875
0.07606207071991859,0.9117647058823529,0.006072998046875
0.07631645891630628,0.9117647058823529,0.00600433349609375
0.07682523530908165,0.9117647058823529,0.00595855712890625
0.07758839989824472,0.9117647058823529,0.0058441162109375
0.0780971762910201,0.9117647058823529,0.0057525634765625
0.07835156448740778,0.9117647058823529,0.00572967529296875
0.07886034088018316,0.9117647058823529,0.005687713623046875
0.07911472907657084,0.9117647058823529,0.005641937255859375
0.07911472907657084,0.9191176470588235,0.005619049072265625
0.08114983464767235,0.9191176470588235,0.005218505859375
0.08191299923683541,0.9191176470588235,0.00518035888671875
0.08318494021877385,0.9191176470588235,0.00494384765625
0.08369371661154923,0.9191176470588235,0.00490570068359375
0.0842024930043246,0.9191176470588235,0.0048675537109375
0.08471126939709997,0.9191176470588235,0.004810333251953125
0.08547443398626303,0.9191176470588235,0.00473785400390625
0.08598321037903842,0.9264705882352942,0.00469970703125
0.08700076316458916,0.9264705882352942,0.00455474853515625
0.08750953955736454,0.9264705882352942,0.00453948974609375
0.08903586873569067,0.9264705882352942,0.00426483154296875
0.08954464512846604,0.9264705882352942,0.00424957275390625
0.08979903332485373,0.9264705882352942,0.0041656494140625
0.0903078097176291,0.9264705882352942,0.0041351318359375
0.09107097430679216,0.9264705882352942,0.004116058349609375
0.09157975069956754,0.9264705882352942,0.004085540771484375
0.09208852709234291,0.9264705882352942,0.00399017333984375
0.09285169168150598,0.9264705882352942,0.00397491455078125
0.09386924446705673,0.9264705882352942,0.0038852691650390625
0.09488679725260749,0.9264705882352942,0.0038394927978515625
0.09692190282370898,0.9264705882352942,0.00345611572265625
0.09692190282370898,0.9338235294117647,0.003429412841796875
0.09743067921648435,0.9338235294117647,0.003376007080078125
0.09793945560925973,0.9338235294117647,0.0033626556396484375
0.0987026201984228,0.9338235294117647,0.0032596588134765625
0.09972017298397354,0.9338235294117647,0.0032482147216796875
0.10073772576952429,0.9338235294117647,0.0031108856201171875
0.10175527855507505,0.9338235294117647,0.0030155181884765625
0.10328160773340117,0.9338235294117647,0.0028667449951171875
0.10404477232256423,0.9338235294117647,0.0028553009033203125
0.10429916051895192,0.9338235294117647,0.00284576416015625
0.10531671330450267,0.9338235294117647,0.002811431884765625
0.10633426609005342,0.9338235294117647,0.0027370452880859375
0.10709743067921648,0.9338235294117647,0.0027256011962890625
0.10760620707199187,0.9338235294117647,0.0026721954345703125
0.10836937166115493,0.9338235294117647,0.0026531219482421875
0.1088781480539303,0.9338235294117647,0.002620697021484375
0.10938692444670567,0.9338235294117647,0.00260162353515625
0.10989570083948105,0.9338235294117647,0.0025806427001953125
0.11040447723225642,0.9338235294117647,0.002521514892578125
0.1109132536250318,0.9338235294117647,0.0024814605712890625
0.11167641821419486,0.9338235294117647,0.002452850341796875
0.11218519460697024,0.9338235294117647,0.00243377685546875
0.1129483591961333,0.9338235294117647,0.002414703369140625
0.11523785296362249,0.9338235294117647,0.00229644775390625
0.11574662935639786,0.9338235294117647,0.002269744873046875
0.11625540574917324,0.9338235294117647,0.0022525787353515625
0.11727295853472398,0.9338235294117647,0.0022258758544921875
0.11752734673111168,0.9338235294117647,0.0021915435791015625
0.11803612312388705,0.9411764705882353,0.0021820068359375
0.11854489951666243,0.9411764705882353,0.0021648406982421875
0.1190536759094378,0.9411764705882353,0.002140045166015625
0.11956245230221317,0.9411764705882353,0.0021152496337890625
0.12083439328415162,0.9411764705882353,0.0020427703857421875
0.12134316967692699,0.9411764705882353,0.0020275115966796875
0.1231238870516408,0.9411764705882353,0.001941680908203125
0.12414143983719156,0.9411764705882353,0.001926422119140625
0.12439582803357924,0.9411764705882353,0.0018968582153320312
0.12541338081913,0.9411764705882353,0.0018825531005859375
0.1271940981938438,0.9411764705882353,0.001789093017578125
0.1277028745866192,0.9411764705882353,0.0017747879028320312
0.12846603917578225,0.9411764705882353,0.0017547607421875
0.12846603917578225,0.9485294117647058,0.0017480850219726562
0.13024675655049606,0.9485294117647058,0.0017004013061523438
0.13075553294327144,0.9485294117647058,0.0016937255859375
0.1315186975324345,0.9485294117647058,0.0016813278198242188
0.13253625031798524,0.9485294117647058,0.0016679763793945312
0.1332994149071483,0.9485294117647058,0.001628875732421875
0.1338081912999237,0.9485294117647058,0.0016231536865234375
0.13431696769269905,0.9485294117647058,0.00157928466796875
0.13482574408547443,0.9485294117647058,0.0015668869018554688
0.1350801322818621,0.9485294117647058,0.0015611648559570312
0.13660646146018826,0.9485294117647058,0.0015249252319335938
0.13686084965657594,0.9485294117647058,0.0015192031860351562
0.13736962604935132,0.9485294117647058,0.0015010833740234375
0.13787840244212668,0.9485294117647058,0.0014781951904296875
0.13889595522767745,0.9485294117647058,0.0014553070068359375
0.13915034342406513,0.9485294117647058,0.0014495849609375
0.1396591198168405,0.9485294117647058,0.001438140869140625
0.1399135080132282,0.9485294117647058,0.0014324188232421875
0.14067667260239125,0.9485294117647058,0.00142669677734375
0.141694225387942,0.9485294117647058,0.0013561248779296875
0.1419486135843297,0.9558823529411765,0.0013246536254882812
0.14296616636988044,0.9558823529411765,0.0012998580932617188
0.14347494276265582,0.9558823529411765,0.0012941360473632812
0.14398371915543118,0.9558823529411765,0.0012788772583007812
0.14449249554820656,0.9558823529411765,0.00127410888671875
0.14525566013736962,0.9558823529411765,0.001255035400390625
0.14678198931569575,0.9558823529411765,0.0012493133544921875
0.14729076570847113,0.9558823529411765,0.0012350082397460938
0.1477995421012465,0.9558823529411765,0.0012254714965820312
0.1480539302976342,0.9558823529411765,0.0012111663818359375
0.14907148308318494,0.9558823529411765,0.0011968612670898438
0.149834647672348,0.9558823529411765,0.0011835098266601562
0.15059781226151106,0.9558823529411765,0.0011739730834960938
0.15085220045789877,0.9558823529411765,0.0011692047119140625
0.15161536504706183,0.9558823529411765,0.0011653900146484375
0.1518697532434495,0.9558823529411765,0.001155853271484375
0.1518697532434495,0.9632352941176471,0.0011377334594726562
0.15212414143983718,0.9705882352941176,0.0011339187622070312
0.15314169422538795,0.9705882352941176,0.0010862350463867188
0.1541592470109387,0.9705882352941176,0.0010728836059570312
0.15517679979648943,0.9705882352941176,0.0010480880737304688
0.15568557618926482,0.9705882352941176,0.0010442733764648438
0.1559399643856525,0.9705882352941176,0.0010404586791992188
0.15644874077842788,0.9705882352941176,0.0010366439819335938
0.15695751717120326,0.9705882352941176,0.0010280609130859375
0.157975069956754,0.9705882352941176,0.0010080337524414062
0.1584838463495294,0.9705882352941176,0.0009927749633789062
0.15899262274230475,0.9705882352941176,0.0009851455688476562
0.1600101755278555,0.9705882352941176,0.0009660720825195312
0.16077334011701858,0.9705882352941176,0.0009622573852539062
0.16179089290256932,0.9705882352941176,0.0009398460388183594
0.16280844568812008,0.9705882352941176,0.0009326934814453125
0.16306283388450776,0.9705882352941176,0.0009288787841796875
0.1640803866700585,0.9705882352941176,0.0009217262268066406
0.16509793945560927,0.9705882352941176,0.0009183883666992188
0.1666242686339354,0.9705882352941176,0.0009074211120605469
0.16713304502671075,0.9705882352941176,0.0008969306945800781
0.16764182141948614,0.9705882352941176,0.0008935928344726562
0.1684049860086492,0.9705882352941176,0.0008726119995117188
0.16916815059781226,0.9705882352941176,0.0008592605590820312
0.16967692699058765,0.9705882352941176,0.0008559226989746094
0.17120325616891377,0.9705882352941176,0.0008492469787597656
0.17145764436530145,0.9705882352941176,0.0008459091186523438
0.17196642075807683,0.9705882352941176,0.0008425712585449219
0.1727295853472399,0.9705882352941176,0.0008358955383300781
0.17298397354362757,0.9705882352941176,0.0008330345153808594
0.17374713813279064,0.9705882352941176,0.0008296966552734375
0.17501907911472908,0.9705882352941176,0.0007915496826171875
0.17578224370389214,0.9705882352941176,0.0007886886596679688
0.17603663190027982,0.9705882352941176,0.0007824897766113281
0.1765454082930552,0.9705882352941176,0.0007791519165039062
0.17679979648944288,0.9705882352941176,0.0007762908935546875
0.17781734927499365,0.9705882352941176,0.0007643699645996094
0.178326125667769,0.9705882352941176,0.00075531005859375
0.17908929025693207,0.9705882352941176,0.0007524490356445312
0.17959806664970746,0.9705882352941176,0.0007495880126953125
0.1806156194352582,0.9705882352941176,0.0007266998291015625
0.18137878402442126,0.9705882352941176,0.0007238388061523438
0.18163317222080896,0.9705882352941176,0.000720977783203125
0.18239633680997203,0.9705882352941176,0.0007181167602539062
0.1826507250063597,0.9705882352941176,0.0007152557373046875
0.1831595013991351,0.9705882352941176,0.00070953369140625
0.18392266598829815,0.9779411764705882,0.0007066726684570312
0.18417705418468583,0.9779411764705882,0.0007042884826660156
0.1846858305774612,0.9779411764705882,0.0006985664367675781
0.1849402187738489,0.9779411764705882,0.0006961822509765625
0.18544899516662428,0.9779411764705882,0.000690460205078125
0.18570338336301195,0.9779411764705882,0.0006880760192871094
0.18621215975578734,0.9779411764705882,0.0006852149963378906
0.1869753243449504,0.9779411764705882,0.0006771087646484375
0.18748410073772576,0.9779411764705882,0.0006718635559082031
0.18824726532688882,0.9779411764705882,0.0006694793701171875
0.1887560417196642,0.9779411764705882,0.0006642341613769531
0.19028237089799033,0.9779411764705882,0.0006589889526367188
0.1907911472907657,0.9779411764705882,0.0006513595581054688
0.19155431187992877,0.9779411764705882,0.00064849853515625
0.19231747646909184,0.9779411764705882,0.0006361007690429688
0.19333502925464258,0.9779411764705882,0.0006337165832519531
0.19384380564741796,0.9779411764705882,0.0006289482116699219
0.19435258204019334,0.9779411764705882,0.0006165504455566406
0.1948613584329687,0.9779411764705882,0.000614166259765625
0.1951157466293564,0.9779411764705882,0.0006117820739746094
0.19562452302213176,0.9779411764705882,0.0006093978881835938
0.1968964640040702,0.9779411764705882,0.0005817413330078125
0.1974052403968456,0.9779411764705882,0.0005793571472167969
0.19765962859323327,0.9779411764705882,0.0005769729614257812
0.19816840498600866,0.9779411764705882,0.0005745887756347656
0.198677181378784,0.9779411764705882,0.0005617141723632812
0.1991859577715594,0.9779411764705882,0.0005593299865722656
0.19994912236072246,0.9779411764705882,0.00055694580078125
0.2012210633426609,0.9779411764705882,0.0005440711975097656
0.20223861612821165,0.9779411764705882,0.0005359649658203125
0.20274739252098703,0.9779411764705882,0.0005316734313964844
0.2035105571101501,0.9779411764705882,0.0005273818969726562
0.20376494530653777,0.9779411764705882,0.0005254745483398438
0.20478249809208854,0.9779411764705882,0.0005173683166503906
0.20580005087763928,0.9779411764705882,0.0005130767822265625
0.20605443907402696,0.9779411764705882,0.00051116943359375
0.20656321546680234,0.9779411764705882,0.000507354736328125
0.20681760366319002,0.9779411764705882,0.0005054473876953125
0.2073263800559654,0.9779411764705882,0.0005035400390625
0.20808954464512847,0.9779411764705882,0.0005011558532714844
0.20834393284151614,0.9779411764705882,0.0004992485046386719
0.2091070974306792,0.9779411764705882,0.0004973411560058594
0.21012465021622997,0.9779411764705882,0.0004954338073730469
0.21063342660900533,0.9779411764705882,0.0004916191101074219
0.21063342660900533,0.9852941176470589,0.0004878044128417969
0.21088781480539304,0.9852941176470589,0.0004839897155761719
0.21394047316204529,0.9852941176470589,0.00046372413635253906
0.21419486135843296,0.9852941176470589,0.00046181678771972656
0.2154668023403714,0.9852941176470589,0.00045299530029296875
0.2159755787331468,0.9852941176470589,0.0004494190216064453
0.21648435512592215,0.9852941176470589,0.0004458427429199219
0.21699313151869754,0.9852941176470589,0.0004425048828125
0.2172475197150852,0.9852941176470589,0.00044083595275878906
0.21801068430424828,0.9852941176470589,0.0004372596740722656
0.21851946069702366,0.9852941176470589,0.0004355907440185547
0.21928262528618672,0.9852941176470589,0.0004322528839111328
0.2197914016789621,0.9852941176470589,0.00042891502380371094
0.22004578987534978,0.9852941176470589,0.00042724609375
0.22106334266090052,0.9852941176470589,0.0004222393035888672
0.22131773085728823,0.9852941176470589,0.00042057037353515625
0.2220808954464513,0.9852941176470589,0.00041413307189941406
0.22233528364283897,0.9852941176470589,0.0004107952117919922
0.22309844823200203,0.9852941176470589,0.0004093647003173828
0.22360722462477742,0.9852941176470589,0.0004076957702636719
0.22462477741032816,0.9852941176470589,0.00040459632873535156
0.22538794199949122,0.9852941176470589,0.0004029273986816406
0.22640549478504196,0.9852941176470589,0.0003936290740966797
0.22716865937420502,0.9852941176470589,0.00038909912109375
0.22742304757059273,0.9852941176470589,0.00038743019104003906
0.2281862121597558,0.9852941176470589,0.0003859996795654297
0.22869498855253118,0.9852941176470589,0.0003829002380371094
0.22945815314169424,0.9852941176470589,0.0003800392150878906
0.23149325871279572,0.9852941176470589,0.0003769397735595703
0.23276519969473417,0.9852941176470589,0.00037550926208496094
0.23352836428389723,0.9852941176470589,0.0003726482391357422
0.2340371406766726,0.9852941176470589,0.0003712177276611328
0.2342915288730603,0.9852941176470589,0.00036978721618652344
0.23581785805138641,0.9852941176470589,0.0003654956817626953
0.2360722462477741,0.9852941176470589,0.00036406517028808594
0.23658102264054948,0.9852941176470589,0.00036263465881347656
0.23734418722971254,0.9852941176470589,0.0003612041473388672
0.23759857542610022,0.9852941176470589,0.00035834312438964844
0.23912490460442634,0.9852941176470589,0.0003528594970703125
0.2398880691935894,0.9852941176470589,0.0003459453582763672
0.2406512337827525,0.9852941176470589,0.0003407001495361328
0.24090562197914017,0.9852941176470589,0.00033926963806152344
0.24141439837191556,0.9852941176470589,0.0003380775451660156
0.24523022131773087,0.9852941176470589,0.00032258033752441406
0.2462477741032816,0.9852941176470589,0.0003199577331542969
0.246756550496057,0.9852941176470589,0.00031495094299316406
0.24726532688883235,0.9852941176470589,0.00031256675720214844
0.24777410328160773,0.9852941176470589,0.0003077983856201172
0.24828287967438312,0.9852941176470589,0.00030541419982910156
0.24930043245993386,0.9852941176470589,0.000293731689453125
0.24980920885270924,0.9852941176470589,0.0002892017364501953
0.2520987026201984,0.9852941176470589,0.00028252601623535156
0.25413380819129994,0.9852941176470589,0.00028014183044433594
0.2543881963876876,0.9852941176470589,0.0002758502960205078
0.25515136097685065,0.9852941176470589,0.00027370452880859375
0.25566013736962606,0.9852941176470589,0.0002715587615966797
0.2571864665479522,0.9852941176470589,0.00026726722717285156
0.25769524294072754,0.9852941176470589,0.00026535987854003906
0.25845840752989063,0.9852941176470589,0.000263214111328125
0.2587127957262783,0.9852941176470589,0.0002613067626953125
0.259730348511829,0.9852941176470589,0.00025916099548339844
0.26176545408293056,0.9852941176470589,0.00025725364685058594
0.26201984227931824,0.9852941176470589,0.0002551078796386719
0.26430933604680745,0.9852941176470589,0.0002491474151611328
0.26532688883235817,0.9852941176470589,0.0002472400665283203
0.26558127702874584,0.9852941176470589,0.0002453327178955078
0.26609005342152126,0.9852941176470589,0.0002434253692626953
0.2673619944034597,0.9852941176470589,0.0002415180206298828
0.26787077079623506,0.9852941176470589,0.0002397298812866211
0.26812515899262274,0.9852941176470589,0.0002378225326538086
0.26965148817094886,0.9852941176470589,0.0002359151840209961
0.27066904095649963,0.9852941176470589,0.00023412704467773438
0.271177817349275,0.9852941176470589,0.00023233890533447266
0.27143220554566266,0.9852941176470589,0.00023055076599121094
0.27219537013482575,0.9852941176470589,0.0002269744873046875
0.2727041465276011,0.9852941176470589,0.00022518634796142578
0.27423047570592723,0.9852941176470589,0.0002199411392211914
0.275248028491478,0.9852941176470589,0.00021827220916748047
0.2767743576698041,0.9852941176470589,0.00021660327911376953
0.27855507504451793,0.9852941176470589,0.0002148151397705078
0.2790638514372933,0.9852941176470589,0.00021314620971679688
0.28033579241923173,0.9852941176470589,0.00021147727966308594
0.2810989570083948,0.9852941176470589,0.00020992755889892578
0.2816077334011702,0.9852941176470589,0.0002065896987915039
0.2828796743831086,0.9852941176470589,0.00020503997802734375
0.2831340625794963,0.9852941176470589,0.0002033710479736328
0.28364283897227166,0.9852941176470589,0.00020182132720947266
0.28466039175782243,0.9852941176470589,0.0002002716064453125
0.2854235563469855,0.9852941176470589,0.00019872188568115234
0.2859323327397609,0.9852941176470589,0.00019562244415283203
0.287458661918087,0.9852941176470589,0.00019407272338867188
0.28796743831086236,0.9852941176470589,0.0001926422119140625
0.2882218265072501,0.9852941176470589,0.00019109249114990234
0.2889849910964131,0.9852941176470589,0.00018966197967529297
0.2894937674891885,0.9852941176470589,0.0001881122589111328
0.29025693207835157,0.9852941176470589,0.00018668174743652344
0.29051132027473925,0.9852941176470589,0.00018525123596191406
0.29229203764945305,0.9852941176470589,0.0001838207244873047
0.29280081404222846,0.9852941176470589,0.0001823902130126953
0.2938183668277792,0.9852941176470589,0.00018095970153808594
0.29483591961332994,0.9852941176470589,0.0001780986785888672
0.2953446960061053,0.9926470588235294,0.0001767873764038086
0.2961078605952684,0.9926470588235294,0.00017535686492919922
0.29814296616636987,0.9926470588235294,0.00017404556274414062
0.29890613075553296,0.9926470588235294,0.00017261505126953125
0.2999236835410837,0.9926470588235294,0.00017130374908447266
0.30246756550496057,0.9926470588235294,0.00016736984252929688
0.30323073009412366,0.9926470588235294,0.00016605854034423828
0.30348511829051134,0.9926470588235294,0.0001647472381591797
0.3039938946832867,0.9926470588235294,0.0001634359359741211
0.3060290002543882,0.9926470588235294,0.0001609325408935547
0.3065377766471636,0.9926470588235294,0.0001596212387084961
0.3075553294327143,0.9926470588235294,0.00015842914581298828
0.3083184940218774,0.9926470588235294,0.00015723705291748047
0.3098448232002035,0.9926470588235294,0.00015592575073242188
0.31137115237852964,0.9926470588235294,0.00015354156494140625
0.311879928771305,0.9926470588235294,0.00015234947204589844
0.31391503434240653,0.9926470588235294,0.0001499652862548828
0.31467819893156956,0.9926470588235294,0.00014889240264892578
0.315186975324345,0.9926470588235294,0.00014650821685791016
0.315950139913508,0.9926470588235294,0.00014543533325195312
0.31645891630628337,0.9926470588235294,0.0001442432403564453
0.3177308572882218,0.9926470588235294,0.00014317035675048828
0.31976596285932335,0.9926470588235294,0.00014197826385498047
0.320020351055711,0.9926470588235294,0.00014090538024902344
0.32078351564487406,0.9926470588235294,0.0001398324966430664
0.32103790384126174,0.9926470588235294,0.00013875961303710938
0.3223098448232002,0.9926470588235294,0.00013768672943115234
0.32256423301958786,0.9926470588235294,0.0001366138458251953
0.3245993385906894,0.9926470588235294,0.00013554096221923828
0.32536250317985244,0.9926470588235294,0.00013446807861328125
0.32688883235817856,0.9926470588235294,0.00013339519500732422
0.3284151615365047,0.9926470588235294,0.00013136863708496094
0.3286695497328924,0.9926470588235294,0.0001302957534790039
0.3304502671076062,0.9926470588235294,0.00012934207916259766
0.3309590435003816,0.9926470588235294,0.00012731552124023438
0.33146781989315693,0.9926470588235294,0.00012636184692382812
0.3327397608750954,0.9926470588235294,0.00012433528900146484
0.33375731366064615,0.9926470588235294,0.00012242794036865234
0.3347748664461969,0.9926470588235294,0.0001214742660522461
0.3360468074281353,0.9926470588235294,0.00012052059173583984
0.3370643602136861,0.9926470588235294,0.00011962652206420898
0.33731874841007375,0.9926470588235294,0.00011867284774780273
0.33808191299923684,0.9926470588235294,0.00011771917343139648
0.3393538539811753,0.9926470588235294,0.00011682510375976562
0.3408801831595014,0.9926470588235294,0.00011593103408813477
0.34164334774866445,0.9926470588235294,0.0001150369644165039
0.3431696769269906,0.9926470588235294,0.00011414289474487305
0.34418722971254134,0.9926470588235294,0.00011324882507324219
0.3449503943017044,0.9926470588235294,0.00011235475540161133
0.34596794708725515,0.9926470588235294,0.00011146068572998047
0.3462223352836428,0.9926470588235294,0.000110626220703125
0.3480030526583566,0.9926470588235294,0.00010973215103149414
0.34851182905113204,0.9926470588235294,0.00010889768600463867
0.34952938183668275,0.9926470588235294,0.0001080632209777832
0.3508013228186212,0.9926470588235294,0.00010722875595092773
0.35181887560417197,0.9926470588235294,0.00010639429092407227
0.3523276519969473,0.9926470588235294,0.0001055598258972168
0.3533452047824981,0.9926470588235294,0.00010472536087036133
0.3541083693716612,0.9926470588235294,0.00010389089584350586
0.35538031035359957,0.9926470588235294,0.00010311603546142578
0.3574154159247011,0.9926470588235294,0.00010228157043457031
0.35792419231747646,0.9926470588235294,0.00010150671005249023
0.3594505214958026,0.9926470588235294,0.00010073184967041016
0.35995929788857794,0.9926470588235294,9.995698928833008e-05
0.3609768506741287,1.0,9.918212890625e-05
0.36148562706690407,1.0,9.840726852416992e-05
0.3637751208343933,1.0,9.763240814208984e-05
0.36428389722716864,1.0,9.685754776000977e-05
0.36835410836937166,1.0,9.5367431640625e-05
0.36911727295853475,1.0,9.459257125854492e-05
0.37013482574408546,1.0,9.387731552124023e-05
0.37038921394047314,1.0,9.316205978393555e-05
0.37191554311879926,1.0,9.173154830932617e-05
0.3749682014754515,1.0,8.958578109741211e-05
0.3757313660646146,1.0,8.887052536010742e-05
0.37674891885016537,1.0,8.821487426757812e-05
0.3777664716357161,1.0,8.684396743774414e-05
0.3800559654032053,1.0,8.612871170043945e-05
0.38132790638514374,1.0,8.547306060791016e-05
0.3820910709743068,1.0,8.481740951538086e-05
0.3825998473670822,1.0,8.416175842285156e-05
0.38285423556346987,1.0,8.350610733032227e-05
0.3838717883490206,1.0,8.285045623779297e-05
0.3861612821165098,1.0,8.219480514526367e-05
0.38667005850928515,1.0,8.153915405273438e-05
0.38743322309844824,1.0,8.094310760498047e-05
0.38845077588399896,1.0,7.969141006469727e-05
0.38921394047316205,1.0,7.903575897216797e-05
0.3904858814551005,1.0,7.843971252441406e-05
0.3912490460442635,1.0,7.784366607666016e-05
0.3922665988298143,1.0,7.724761962890625e-05
0.392520987026202,1.0,7.659196853637695e-05
0.3955736453828542,1.0,7.545948028564453e-05
0.396591198168405,1.0,7.486343383789062e-05
0.397354362757568,1.0,7.426738739013672e-05
0.3983719155431188,1.0,7.367134094238281e-05
0.3998982447214449,1.0,7.253885269165039e-05
0.40142457389977104,1.0,7.200241088867188e-05
0.40218773848893413,1.0,7.140636444091797e-05
0.40396845586364794,1.0,7.086992263793945e-05
0.4049860086491987,1.0,7.033348083496094e-05
0.4062579496311371,1.0,6.973743438720703e-05
0.40727550241668786,1.0,6.920099258422852e-05
0.408801831595014,1.0,6.866455078125e-05
0.4113457135588909,1.0,6.759166717529297e-05
0.412872042737217,1.0,6.711483001708984e-05
0.41363520732638004,1.0,6.657838821411133e-05
0.4146527601119308,1.0,6.604194641113281e-05
0.41541592470109384,1.0,6.556510925292969e-05
0.4182141948613584,1.0,6.502866744995117e-05
0.4192317476469092,1.0,6.455183029174805e-05
0.41999491223607227,1.0,6.401538848876953e-05
0.4205036886288476,1.0,6.300210952758789e-05
0.4225387941999491,1.0,6.204843521118164e-05
0.4227931823963368,1.0,6.157159805297852e-05
0.4248282879674383,1.0,6.0617923736572266e-05
0.4253370643602137,1.0,6.014108657836914e-05
0.42610022894937677,1.0,5.9664249420166016e-05
0.4271177817349275,1.0,5.918741226196289e-05
0.4286441109132536,1.0,5.8770179748535156e-05
0.43067921648435514,1.0,5.829334259033203e-05
0.43169676926990586,1.0,5.739927291870117e-05
0.4329687102518443,1.0,5.692243576049805e-05
0.4334774866446197,1.0,5.650520324707031e-05
0.4352582040193335,1.0,5.608797073364258e-05
0.437293309590435,1.0,5.561113357543945e-05
0.43780208598321035,1.0,5.519390106201172e-05
0.4393284151615365,1.0,5.4776668548583984e-05
0.4395828033579242,1.0,5.435943603515625e-05
0.4408547443398626,1.0,5.3882598876953125e-05
0.4423810735181888,1.0,5.346536636352539e-05
0.44288984991096414,1.0,5.3048133850097656e-05
0.4441617908929026,1.0,5.269050598144531e-05
0.44619689646400407,1.0,5.1856040954589844e-05
0.4467056728567794,1.0,5.143880844116211e-05
0.4492495548206563,1.0,5.1021575927734375e-05
0.4500127194098194,1.0,5.066394805908203e-05
0.4510302721953701,1.0,5.02467155456543e-05
0.45230221317730857,1.0,4.988908767700195e-05
0.45306537776647166,1.0,4.947185516357422e-05
0.4545917069447978,1.0,4.9114227294921875e-05
0.4558636479267362,1.0,4.869699478149414e-05
0.4563724243195116,1.0,4.83393669128418e-05
0.45764436530145003,1.0,4.792213439941406e-05
0.45866191808700074,1.0,4.756450653076172e-05
0.46018824726532687,1.0,4.7206878662109375e-05
0.46120580005087763,1.0,4.684925079345703e-05
0.4624777410328161,1.0,4.649162292480469e-05
0.46273212922920376,1.0,4.6133995056152344e-05
0.4640040702111422,1.0,4.57763671875e-05
0.4660391757822437,1.0,4.5418739318847656e-05
0.46781989315695754,1.0,4.506111145019531e-05
0.469854998728059,1.0,4.470348358154297e-05
0.47138132790638515,1.0,4.4345855712890625e-05
0.47341643347748663,1.0,4.398822784423828e-05
0.4746883744594251,1.0,4.363059997558594e-05
0.4769778682269143,1.0,4.3332576751708984e-05
0.4787585856016281,1.0,4.297494888305664e-05
0.48003052658356654,1.0,4.267692565917969e-05
0.4807936911727296,1.0,4.2319297790527344e-05
0.48181124395828034,1.0,4.1961669921875e-05
0.48435512592215724,1.0,4.13060188293457e-05
0.48537267870770795,1.0,4.100799560546875e-05
0.48715339608242175,1.0,4.07099723815918e-05
0.4886797252607479,1.0,4.035234451293945e-05
0.49046044263546174,1.0,4.00543212890625e-05
0.49198677181378786,1.0,3.975629806518555e-05
0.4927499364029509,1.0,3.9458274841308594e-05
0.4945306537776647,1.0,3.916025161743164e-05
0.4950394301704401,1.0,3.88026237487793e-05
0.4960569829559908,1.0,3.8504600524902344e-05
0.4968201475451539,1.0,3.820657730102539e-05
0.4978377003307047,1.0,3.790855407714844e-05
0.49834647672348004,1.0,3.7610530853271484e-05
0.49987280590180616,1.0,3.737211227416992e-05
0.5008903586873569,1.0,3.707408905029297e-05
0.5029254642584584,1.0,3.6776065826416016e-05
0.5054693462223353,1.0,3.618001937866211e-05
0.5059781226151107,1.0,3.594160079956055e-05
0.5080132281862122,1.0,3.5643577575683594e-05
0.5082676163825999,1.0,3.534555435180664e-05
0.5108114983464768,1.0,3.4809112548828125e-05
0.5125922157211905,1.0,3.451108932495117e-05
0.514627321292292,1.0,3.427267074584961e-05
0.5158992622742304,1.0,3.3974647521972656e-05
0.5181887560417197,1.0,3.3736228942871094e-05
0.5192063088272704,1.0,3.349781036376953e-05
0.5199694734164335,1.0,3.319978713989258e-05
0.5217501907911473,1.0,3.2961368560791016e-05
0.5232765199694734,1.0,3.272294998168945e-05
0.5250572373441872,1.0,3.24249267578125e-05
0.5265835665225134,1.0,3.218650817871094e-05
0.5270923429152887,1.0,3.1948089599609375e-05
0.5291274484863903,1.0,3.170967102050781e-05
0.5298906130755533,1.0,3.147125244140625e-05
0.5324344950394302,1.0,3.11732292175293e-05
0.5329432714322055,1.0,3.0934810638427734e-05
0.5342152124141439,1.0,3.069639205932617e-05
0.5359959297888578,1.0,3.045797348022461e-05
0.5370134825744085,1.0,3.0219554901123047e-05
0.5372678707707962,1.0,2.9981136322021484e-05
0.5385398117527347,1.0,2.9802322387695312e-05
0.5395573645382854,1.0,2.956390380859375e-05
0.5413380819129993,1.0,2.9325485229492188e-05
0.5443907402696515,1.0,2.8848648071289062e-05
0.5456626812515899,1.0,2.86102294921875e-05
0.546425845840753,1.0,2.8431415557861328e-05
0.5479521750190791,1.0,2.8192996978759766e-05
0.5487153396082421,1.0,2.7954578399658203e-05
0.551259221572119,1.0,2.753734588623047e-05
0.5535487153396083,1.0,2.6881694793701172e-05
0.5555838209107098,1.0,2.6702880859375e-05
0.5571101500890359,1.0,2.6464462280273438e-05
0.5583820910709743,1.0,2.6285648345947266e-05
0.5644874077842789,1.0,2.568960189819336e-05
0.5657593487662173,1.0,2.5451183319091797e-05
0.5672856779445433,1.0,2.5272369384765625e-05
0.5683032307300941,1.0,2.5093555450439453e-05
0.5700839481048079,1.0,2.485513687133789e-05
0.5716102772831341,1.0,2.467632293701172e-05
0.5736453828542356,1.0,2.4497509002685547e-05
0.5759348766217247,1.0,2.4318695068359375e-05
0.5777155939964386,1.0,2.4139881134033203e-05
0.578987534978377,1.0,2.390146255493164e-05
0.5797506995675401,1.0,2.372264862060547e-05
0.5833121343169677,1.0,2.3365020751953125e-05
0.5843296871025184,1.0,2.3186206817626953e-05
0.5861104044772323,1.0,2.300739288330078e-05
0.5881455100483337,1.0,2.282857894897461e-05
0.5894174510302722,1.0,2.2649765014648438e-05
0.5924701093869245,1.0,2.2292137145996094e-05
0.5932332739760875,1.0,2.2113323211669922e-05
0.5942508267616382,1.0,2.193450927734375e-05
0.5957771559399644,1.0,2.1755695343017578e-05
0.5967947087255151,1.0,2.1636486053466797e-05
0.5983210379038413,1.0,2.1457672119140625e-05
0.599338590689392,1.0,2.1278858184814453e-05
0.6006105316713305,1.0,2.110004425048828e-05
0.6016280844568812,1.0,2.092123031616211e-05
0.6031544136352073,1.0,2.0802021026611328e-05
0.6039175782243704,1.0,2.0623207092285156e-05
0.6059526837954718,1.0,2.0325183868408203e-05
0.6077334011701857,1.0,2.014636993408203e-05
0.6092597303485118,1.0,1.996755599975586e-05
0.6102772831340626,1.0,1.9848346710205078e-05
0.6118036123123887,1.0,1.9669532775878906e-05
0.6140931060798779,1.0,1.9550323486328125e-05
0.6151106588654286,1.0,1.9252300262451172e-05
0.6158738234545917,1.0,1.9073486328125e-05
0.6174001526329178,1.0,1.895427703857422e-05
0.6214703637751209,1.0,1.8656253814697266e-05
0.6222335283642839,1.0,1.8477439880371094e-05
0.6242686339353855,1.0,1.8358230590820312e-05
0.6255405749173238,1.0,1.817941665649414e-05
0.6270669040956499,1.0,1.806020736694336e-05
0.6283388450775884,1.0,1.7940998077392578e-05
0.6306283388450776,1.0,1.7762184143066406e-05
0.6336809972017299,1.0,1.7523765563964844e-05
0.635970490969219,1.0,1.7344951629638672e-05
0.6390231493258712,1.0,1.710653305053711e-05
0.6402950903078097,1.0,1.6987323760986328e-05
0.6423301958789113,1.0,1.6808509826660156e-05
0.6438565250572373,1.0,1.6689300537109375e-05
0.6451284660391757,1.0,1.6570091247558594e-05
0.6466547952175019,1.0,1.6450881958007812e-05
0.6486899007886034,1.0,1.621246337890625e-05
0.6512337827524803,1.0,1.6033649444580078e-05
0.6525057237344187,1.0,1.5914440155029297e-05
0.6540320529127448,1.0,1.5795230865478516e-05
0.6558127702874587,1.0,1.5676021575927734e-05
0.6573390994657848,1.0,1.5556812286376953e-05
0.6581022640549479,1.0,1.5437602996826172e-05
0.6591198168404986,1.0,1.531839370727539e-05
0.6598829814296616,1.0,1.519918441772461e-05
0.6614093106079878,1.0,1.5079975128173828e-05
0.6626812515899262,1.0,1.4960765838623047e-05
0.6642075807682524,1.0,1.4841556549072266e-05
0.6652251335538031,1.0,1.4722347259521484e-05
0.6675146273212923,1.0,1.4603137969970703e-05
0.668532180106843,1.0,1.4483928680419922e-05
0.6703128974815569,1.0,1.4424324035644531e-05
0.6713304502671076,1.0,1.430511474609375e-05
0.6728567794454338,1.0,1.4185905456542969e-05
0.6736199440345968,1.0,1.4066696166992188e-05
0.6764182141948614,1.0,1.3947486877441406e-05
0.6794708725515136,1.0,1.3709068298339844e-05
0.679979648944289,1.0,1.3649463653564453e-05
0.6822691427117782,1.0,1.3530254364013672e-05
0.6843042482828797,1.0,1.341104507446289e-05
0.688120071228695,1.0,1.3113021850585938e-05
0.688883235817858,1.0,1.2993812561035156e-05
0.6909183413889596,1.0,1.2814998626708984e-05
0.6937166115492241,1.0,1.2695789337158203e-05
0.6954973289239379,1.0,1.2636184692382812e-05
0.6965148817094887,1.0,1.2516975402832031e-05
0.6985499872805901,1.0,1.239776611328125e-05
0.6998219282625286,1.0,1.233816146850586e-05
0.7005850928516917,1.0,1.2218952178955078e-05
0.7033833630119563,1.0,1.2099742889404297e-05
0.7046553039938946,1.0,1.2040138244628906e-05
0.7069447977613839,1.0,1.1920928955078125e-05
0.7089799033324854,1.0,1.1861324310302734e-05
0.712541338081913,1.0,1.1682510375976562e-05
0.7140676672602391,1.0,1.1563301086425781e-05
0.7150852200457899,1.0,1.150369644165039e-05
0.7155939964385652,1.0,1.138448715209961e-05
0.7163571610277283,1.0,1.1324882507324219e-05
0.7189010429916052,1.0,1.1146068572998047e-05
0.7229712541338081,1.0,1.0967254638671875e-05
0.7237344187229713,1.0,1.0848045349121094e-05
0.7257695242940727,1.0,1.0788440704345703e-05
0.7275502416687866,1.0,1.0728836059570312e-05
0.7285677944543373,1.0,1.0609626770019531e-05
0.7323836174001527,1.0,1.0371208190917969e-05
0.7334011701857034,1.0,1.0311603546142578e-05
0.7341643347748664,1.0,1.0192394256591797e-05
0.7351818875604172,1.0,1.0132789611816406e-05
0.7379801577206817,1.0,1.0073184967041016e-05
0.7392520987026202,1.0,9.953975677490234e-06
0.7407784278809463,1.0,9.894371032714844e-06
0.7412872042737217,1.0,9.834766387939453e-06
0.7420503688628848,1.0,9.715557098388672e-06
0.744339862630374,1.0,9.655952453613281e-06
0.7463749682014754,1.0,9.5367431640625e-06
0.7479012973798016,1.0,9.417533874511719e-06
0.7494276265581277,1.0,9.298324584960938e-06
0.7506995675400662,1.0,9.238719940185547e-06
0.7524802849147799,1.0,9.179115295410156e-06
0.7534978377003307,1.0,9.059906005859375e-06
0.7557873314678198,1.0,9.000301361083984e-06
0.757313660646146,1.0,8.940696716308594e-06
0.7585856016280844,1.0,8.881092071533203e-06
0.7608750953955736,1.0,8.821487426757812e-06
0.7621470363775121,1.0,8.761882781982422e-06
0.7626558127702875,1.0,8.64267349243164e-06
0.7636733655558382,1.0,8.58306884765625e-06
0.7649453065377766,1.0,8.52346420288086e-06
0.7659628593233274,1.0,8.463859558105469e-06
0.7667260239124905,1.0,8.404254913330078e-06
0.768761129483592,1.0,8.344650268554688e-06
0.7697786822691427,1.0,8.285045623779297e-06
0.7710506232510812,1.0,8.225440979003906e-06
0.7718137878402442,1.0,8.165836334228516e-06
0.7730857288221826,1.0,8.046627044677734e-06
0.7746120580005088,1.0,7.987022399902344e-06
0.7761383871788349,1.0,7.867813110351562e-06
0.7779191045535487,1.0,7.808208465576172e-06
0.7794454337318748,1.0,7.748603820800781e-06
0.7812261511065887,1.0,7.68899917602539e-06
0.7842788094632409,1.0,7.569789886474609e-06
0.7852963622487916,1.0,7.450580596923828e-06
0.7870770796235055,1.0,7.3909759521484375e-06
0.7880946324090562,1.0,7.331371307373047e-06
0.7893665733909947,1.0,7.271766662597656e-06
0.7926736199440346,1.0,7.212162017822266e-06
0.7944543373187484,1.0,7.152557373046875e-06
0.7952175019079115,1.0,7.092952728271484e-06
0.7964894428898499,1.0,7.033348083496094e-06
0.7987789366573391,1.0,6.854534149169922e-06
0.7997964894428898,1.0,6.794929504394531e-06
0.8003052658356652,1.0,6.735324859619141e-06
0.801322818621216,1.0,6.67572021484375e-06
0.8038667005850928,1.0,6.616115570068359e-06
0.805393029763419,1.0,6.496906280517578e-06
0.8064105825489697,1.0,6.4373016357421875e-06
0.8069193589417452,1.0,6.377696990966797e-06
0.8087000763164589,1.0,6.318092346191406e-06
0.8094632409056219,1.0,6.258487701416016e-06
0.8104807936911728,1.0,6.198883056640625e-06
0.8107351818875604,1.0,6.139278411865234e-06
0.8117527346731112,1.0,6.079673767089844e-06
0.8145510048333757,1.0,6.020069122314453e-06
0.8160773340117019,1.0,5.900859832763672e-06
0.8181124395828033,1.0,5.841255187988281e-06
0.8198931569575172,1.0,5.781650543212891e-06
0.8204019333502925,1.0,5.7220458984375e-06
0.8224370389213941,1.0,5.662441253662109e-06
0.8232002035105571,1.0,5.602836608886719e-06
0.8252353090816587,1.0,5.4836273193359375e-06
0.825744085474434,1.0,5.424022674560547e-06
0.8282879674383109,1.0,5.364418029785156e-06
0.8290511320274739,1.0,5.304813385009766e-06
0.8321037903841262,1.0,5.185604095458984e-06
0.8331213431696769,1.0,5.125999450683594e-06
0.8361740015263291,1.0,5.0067901611328125e-06
0.83719155431188,1.0,4.947185516357422e-06
0.8384634952938184,1.0,4.887580871582031e-06
0.8394810480793691,1.0,4.827976226806641e-06
0.8417705418468583,1.0,4.76837158203125e-06
0.8430424828287968,1.0,4.708766937255859e-06
0.8445688120071229,1.0,4.649162292480469e-06
0.8458407529890614,1.0,4.589557647705078e-06
0.8468583057746121,1.0,4.470348358154297e-06
0.8483846349529381,1.0,4.410743713378906e-06
0.850928516916815,1.0,4.351139068603516e-06
0.8519460697023659,1.0,4.291534423828125e-06
0.8539811752734673,1.0,4.231929779052734e-06
0.8557618926481811,1.0,4.172325134277344e-06
0.8580513864156704,1.0,4.112720489501953e-06
0.8595777155939964,1.0,4.0531158447265625e-06
0.861612821165098,1.0,3.933906555175781e-06
0.863139150343424,1.0,3.814697265625e-06
0.8651742559145256,1.0,3.7550926208496094e-06
0.8672093614856271,1.0,3.635883331298828e-06
0.8702620198422794,1.0,3.5762786865234375e-06
0.8712795726278301,1.0,3.516674041748047e-06
0.8728059018061562,1.0,3.4570693969726562e-06
0.8740778427880946,1.0,3.3974647521972656e-06
0.8766217247519715,1.0,3.337860107421875e-06
0.8789112185194607,1.0,3.2782554626464844e-06
0.8809463240905622,1.0,3.2186508178710938e-06
0.8842533706436021,1.0,3.159046173095703e-06
0.8855253116255406,1.0,3.0994415283203125e-06
0.8885779699821929,1.0,3.039836883544922e-06
0.8890867463749682,1.0,2.9802322387695312e-06
0.8911218519460697,1.0,2.9206275939941406e-06
0.8944288984991097,1.0,2.86102294921875e-06
0.8957008394810481,1.0,2.8014183044433594e-06
0.8967183922665989,1.0,2.7418136596679688e-06
0.8979903332485373,1.0,2.682209014892578e-06
0.8987534978377003,1.0,2.6226043701171875e-06
0.9010429916051895,1.0,2.562999725341797e-06
0.9028237089799034,1.0,2.5033950805664062e-06
0.9053675909437802,1.0,2.4437904357910156e-06
0.906385143729331,1.0,2.384185791015625e-06
0.9089290256932079,1.0,2.3245811462402344e-06
0.911218519460697,1.0,2.2649765014648438e-06
0.9145255660137369,1.0,2.205371856689453e-06
0.9175782243703892,1.0,2.1457672119140625e-06
0.9203764945306537,1.0,2.086162567138672e-06
0.9211396591198169,1.0,2.0265579223632812e-06
0.9231747646909183,1.0,1.9669532775878906e-06
0.9269905876367337,1.0,1.9073486328125e-06
0.9297888577969983,1.0,1.8477439880371094e-06
0.9330959043500382,1.0,1.7881393432617188e-06
0.9356397863139151,1.0,1.7285346984863281e-06
0.9386924446705673,1.0,1.6689300537109375e-06
0.9407275502416688,1.0,1.6093254089355469e-06
0.9442889849910964,1.0,1.5497207641601562e-06
0.9488679725260748,1.0,1.430511474609375e-06
0.9506486899007887,1.0,1.3709068298339844e-06
0.9534469600610531,1.0,1.3113021850585938e-06
0.9547189010429916,1.0,1.2516975402832031e-06
0.9587891121851946,1.0,1.1920928955078125e-06
0.9600610531671331,1.0,1.1324882507324219e-06
0.96260493513101,1.0,1.0728836059570312e-06
0.9646400407021114,1.0,1.0132789611816406e-06
0.9676926990587637,1.0,9.5367431640625e-07
0.9697278046298652,1.0,8.940696716308594e-07
0.9720172983973544,1.0,8.344650268554688e-07
0.9727804629865174,1.0,7.748603820800781e-07
0.9743067921648435,1.0,7.152557373046875e-07
0.9776138387178835,1.0,6.556510925292969e-07
0.9786313915034343,1.0,5.960464477539062e-07
0.9811752734673111,1.0,5.364418029785156e-07
0.9844823200203511,1.0,4.76837158203125e-07
0.9882981429661664,1.0,4.172325134277344e-07
0.9916051895192063,1.0,3.5762786865234375e-07
0.9951666242686339,1.0,2.384185791015625e-07
0.9977105062325108,1.0,1.7881393432617188e-07
1.0,1.0,1.1920928955078125e-07
